model,n,ss_base,ss_peat,d_ss,mcnemar_p,perm_p,boot_lo,boot_hi,excl0,debiased,worsened,net,cohens_h,holm_p_adj,holm_reject
bert-base,1508,57.89,58.16,0.27,0.5715881884098053,0.5616438356164384,-0.4,0.99,False,12,16,-4,0.0054,1.0,False
modernbert-base,1508,59.08,57.96,-1.13,0.01862383661500644,0.0192980701929807,-2.06,-0.27,True,32,15,17,-0.0229,0.07449534646002576,False
nomicbert,1508,56.7,56.96,0.27,0.6075913612730801,0.6113388661133886,-0.53,1.06,False,15,19,-4,0.0054,1.0,False
qwen2.5-1.5b,1508,54.51,53.45,-1.06,0.06401750413722564,0.06379362063793621,-2.12,0.0,False,41,25,16,-0.0213,0.19205251241167692,False
